"Region Code","Timestamp (Hour Ending)","Demand (MWh)","Demand Forecast (MWh)","Net Generation (MWh)","Total Interchange (MWh)"
US48,"9/1/2023 12 a.m. EDT",505383.44,503468.34,501378.44,391
US48,"9/1/2023 1 a.m. EDT",474935.47,472127.15,469506.47,-827
US48,"9/1/2023 2 a.m. EDT",451392.77,446232.32,446138.77,-823
US48,"9/1/2023 3 a.m. EDT",431523.58,423232.07,425411.58,-562
US48,"9/1/2023 4 a.m. EDT",416826.66,412077.74,412672.66,-136
US48,"9/1/2023 5 a.m. EDT",410057.31,407268.29,406374.31,23
US48,"9/1/2023 6 a.m. EDT",411466.49,412520.83,407352.49,-322
US48,"9/1/2023 7 a.m. EDT",422401.15,426019.38,418596.15,-264
US48,"9/1/2023 8 a.m. EDT",434377.77,439741.59,430884.77,-685
US48,"9/1/2023 9 a.m. EDT",444728.59,452472.5,442085.59,-743
US48,"9/1/2023 10 a.m. EDT",460738.44,469756.66,456657.44,-2130
US48,"9/1/2023 11 a.m. EDT",481791.62,490025.46,477193.62,-1757
US48,"9/1/2023 12 p.m. EDT",504435.51,512125.64,500591.51,-1676
US48,"9/1/2023 1 p.m. EDT",527886.3,534124.84,523748.3,-1702
US48,"9/1/2023 2 p.m. EDT",550193.2,555215.98,546004.2,-1959
US48,"9/1/2023 3 p.m. EDT",570190.25,573998.34,565542.25,-2270
US48,"9/1/2023 4 p.m. EDT",586985.5,588680.6,581805.5,-2638
US48,"9/1/2023 5 p.m. EDT",599558.16,599037.82,593836.16,-3353
US48,"9/1/2023 6 p.m. EDT",606307.41,602368.02,600776.41,-3992
US48,"9/1/2023 7 p.m. EDT",601418.81,597146.15,594826.81,-4337
US48,"9/1/2023 8 p.m. EDT",586598.21,584549.44,578917.21,-4675
US48,"9/1/2023 9 p.m. EDT",567724.34,568032.29,559170.34,-5143
US48,"9/1/2023 10 p.m. EDT",545261.05,545357.98,536631.05,-5063
US48,"9/1/2023 11 p.m. EDT",518788.31,519042.08,511475.31,-4139
US48,"9/2/2023 12 a.m. EDT",490396.9,489003.16,484164.9,-2935
US48,"9/2/2023 1 a.m. EDT",464885.28,460846.57,457820.28,-3267
US48,"9/2/2023 2 a.m. EDT",441969.02,432692.38,436760.02,-1201
US48,"9/2/2023 3 a.m. EDT",423720.49,410274.49,417516.49,-1546
US48,"9/2/2023 4 a.m. EDT",408991.69,398475.61,403238.69,-1770
US48,"9/2/2023 5 a.m. EDT",399099.93,390317.64,393227.93,-1982
US48,"9/2/2023 6 a.m. EDT",394277.77,388220.38,388824.77,-1674
US48,"9/2/2023 7 a.m. EDT",394167.04,389941.07,389116.04,-1514
US48,"9/2/2023 8 a.m. EDT",396383.07,397846.33,392197.07,-1114
US48,"9/2/2023 9 a.m. EDT",405336.37,413256.15,401186.37,-1120
US48,"9/2/2023 10 a.m. EDT",423588.67,433417.94,418523.67,-2189
US48,"9/2/2023 11 a.m. EDT",448484.25,458875.24,442859.25,-2878
US48,"9/2/2023 12 p.m. EDT",474818.9,484965.04,471242.9,-1586
US48,"9/2/2023 1 p.m. EDT",503385.75,511520.11,500502.75,-825
US48,"9/2/2023 2 p.m. EDT",529853.83,535288.67,526019.83,-1953
US48,"9/2/2023 3 p.m. EDT",553032.9,556194.7,548941.9,-2254
US48,"9/2/2023 4 p.m. EDT",574330.21,574094.37,569673.21,-2487
US48,"9/2/2023 5 p.m. EDT",590628.31,588107.78,586089.31,-2707
US48,"9/2/2023 6 p.m. EDT",599620.97,593715.92,594747.97,-2910
US48,"9/2/2023 7 p.m. EDT",598172.68,590525.26,592996.68,-3391
US48,"9/2/2023 8 p.m. EDT",584892.1,579045.65,579033.1,-4330
US48,"9/2/2023 9 p.m. EDT",567016.59,563920.39,561339.59,-4212
US48,"9/2/2023 10 p.m. EDT",545930.39,542261.28,540249.39,-3418
US48,"9/2/2023 11 p.m. EDT",520245.09,516356.86,514864.09,-2843
US48,"9/3/2023 12 a.m. EDT",494243.98,487394.96,488373.98,-2548
US48,"9/3/2023 1 a.m. EDT",468527.9,460698.37,462452.9,-2353
US48,"9/3/2023 2 a.m. EDT",446909.1,437759.16,441811.1,-722
US48,"9/3/2023 3 a.m. EDT",428208.88,417432.52,423285.88,-620
US48,"9/3/2023 4 a.m. EDT",412997.46,402650.29,408195.46,-785
US48,"9/3/2023 5 a.m. EDT",402562.99,393702.26,397366.99,-1027
US48,"9/3/2023 6 a.m. EDT",396655.66,388841.75,391689.66,-1006
US48,"9/3/2023 7 a.m. EDT",395172.53,389199.51,389715.53,-1317
US48,"9/3/2023 8 a.m. EDT",396840.38,396047.32,391469.38,-1487
US48,"9/3/2023 9 a.m. EDT",409083.93,412272.85,404639.93,-1008
US48,"9/3/2023 10 a.m. EDT",433162.83,437727.88,428921.83,-745
US48,"9/3/2023 11 a.m. EDT",464374.34,468468,459949.34,-1249
US48,"9/3/2023 12 p.m. EDT",498037.62,501069.09,495179.62,-726
US48,"9/3/2023 1 p.m. EDT",532827.76,534255.84,529398.76,-871
US48,"9/3/2023 2 p.m. EDT",564071.38,563973.62,559217.38,-1477
US48,"9/3/2023 3 p.m. EDT",589146.84,588916.43,584200.84,-1649
US48,"9/3/2023 4 p.m. EDT",610679.46,609027.89,606043.46,-1672
US48,"9/3/2023 5 p.m. EDT",626451.47,623286.76,620830.47,-2383
US48,"9/3/2023 6 p.m. EDT",635093.52,628968.05,628964.52,-3644
US48,"9/3/2023 7 p.m. EDT",631870.85,625383.74,626285.85,-3481
US48,"9/3/2023 8 p.m. EDT",615168.78,612512.02,610507.78,-2729
US48,"9/3/2023 9 p.m. EDT",594843.68,594683.32,591001.68,-2064
US48,"9/3/2023 10 p.m. EDT",571505.27,570709.8,567655.27,-1312
US48,"9/3/2023 11 p.m. EDT",545146.43,541029.95,540148.43,-880
US48,"9/4/2023 12 a.m. EDT",516751.18,508422.57,511639.18,-871
US48,"9/4/2023 1 a.m. EDT",487701.66,480708.2,482916.66,40
US48,"9/4/2023 2 a.m. EDT",463071.49,454485.41,458833.49,473
US48,"9/4/2023 3 a.m. EDT",443074.35,430617.48,439051.35,886
US48,"9/4/2023 4 a.m. EDT",428790.74,420433.14,424962.74,1058
US48,"9/4/2023 5 a.m. EDT",419251.21,411188.71,415133.21,778
US48,"9/4/2023 6 a.m. EDT",415512.39,408470.98,411468.39,463
US48,"9/4/2023 7 a.m. EDT",415777.04,410684.75,411588.04,698
US48,"9/4/2023 8 a.m. EDT",416705.99,419165.99,412485.99,28
US48,"9/4/2023 9 a.m. EDT",430523.36,437503.9,426422.36,-385
US48,"9/4/2023 10 a.m. EDT",458257.04,465479.42,454010.04,-670
US48,"9/4/2023 11 a.m. EDT",495641.01,500396.56,491837.01,-1076
US48,"9/4/2023 12 p.m. EDT",536477.62,536956.71,533712.62,-364
US48,"9/4/2023 1 p.m. EDT",573814.57,570404.89,568746.57,-1035
US48,"9/4/2023 2 p.m. EDT",603046.83,600100.07,598344.83,-1282
US48,"9/4/2023 3 p.m. EDT",626352.32,625546.24,620565.32,-2144
US48,"9/4/2023 4 p.m. EDT",643268.06,645409.83,638306.06,-2459
US48,"9/4/2023 5 p.m. EDT",657453.38,659732.65,652662.38,-2033
US48,"9/4/2023 6 p.m. EDT",666121.72,665373.36,663020.72,-1900
US48,"9/4/2023 7 p.m. EDT",664734.77,659971.36,662651.77,-1489
US48,"9/4/2023 8 p.m. EDT",652627.23,646656.79,649864.23,-2264
US48,"9/4/2023 9 p.m. EDT",636077.22,629578.97,632471.22,-2361
US48,"9/4/2023 10 p.m. EDT",611506.41,602772.6,607286.41,-2131
US48,"9/4/2023 11 p.m. EDT",579030.75,569308.32,573593.75,-1430
US48,"9/5/2023 12 a.m. EDT",545047.1,535401.42,539437.1,-577
US48,"9/5/2023 1 a.m. EDT",513586.67,502437.07,507712.67,-774
US48,"9/5/2023 2 a.m. EDT",486737.23,477162.95,481442.23,222
US48,"9/5/2023 3 a.m. EDT",465445.25,456287.87,459549.25,-452
US48,"9/5/2023 4 a.m. EDT",450144.43,442944.95,444867.43,-43
US48,"9/5/2023 5 a.m. EDT",443332.91,438594.28,438074.91,-189
US48,"9/5/2023 6 a.m. EDT",447629.87,445139.96,443379.87,-51
US48,"9/5/2023 7 a.m. EDT",464818.43,462211.18,460446.43,-145
US48,"9/5/2023 8 a.m. EDT",480268.75,482737.72,476373.75,-817
US48,"9/5/2023 9 a.m. EDT",498610.28,506331.39,496206.28,-648
US48,"9/5/2023 10 a.m. EDT",524766.52,535268.62,522934.52,-1080
US48,"9/5/2023 11 a.m. EDT",556591.5,566029.99,554608.5,-1331
US48,"9/5/2023 12 p.m. EDT",589664.34,598241.44,588161.34,-778
US48,"9/5/2023 1 p.m. EDT",622101.16,627951.98,621800.16,622
US48,"9/5/2023 2 p.m. EDT",650831.09,654072.01,650897.09,1355
US48,"9/5/2023 3 p.m. EDT",672830.52,675044.31,671778.52,120
US48,"9/5/2023 4 p.m. EDT",687309.18,689947.19,685050.18,-579
US48,"9/5/2023 5 p.m. EDT",695892.53,698099.14,693656.53,-986
US48,"9/5/2023 6 p.m. EDT",700096.36,699769.13,698214.36,-1480
US48,"9/5/2023 7 p.m. EDT",695317.17,692357.93,693496.17,-1612
US48,"9/5/2023 8 p.m. EDT",682328.71,678643.93,679790.71,-2443
US48,"9/5/2023 9 p.m. EDT",666451.25,659074.45,663531.25,-2166
US48,"9/5/2023 10 p.m. EDT",639642.15,630020.44,635042.15,-2213
US48,"9/5/2023 11 p.m. EDT",605915.02,594558.31,597960.02,-3578
US48,"9/6/2023 12 a.m. EDT",568254.17,556251.75,561674.17,-1777
US48,"9/6/2023 1 a.m. EDT",533306.65,522113.58,527579.65,-961
US48,"9/6/2023 2 a.m. EDT",505081.87,491467.45,500192.87,-222
US48,"9/6/2023 3 a.m. EDT",482053.58,469595.86,476790.58,-509
US48,"9/6/2023 4 a.m. EDT",464305.22,454577.26,459009.22,-589
US48,"9/6/2023 5 a.m. EDT",455680.15,449843.15,451034.15,-57
US48,"9/6/2023 6 a.m. EDT",458364.32,455951.37,454569.32,333
US48,"9/6/2023 7 a.m. EDT",473584.4,471454.75,470035.4,384
US48,"9/6/2023 8 a.m. EDT",489250.52,490428.32,485783.52,-247
US48,"9/6/2023 9 a.m. EDT",502866.07,510462.49,500006.07,-287
US48,"9/6/2023 10 a.m. EDT",523059.14,536002.73,521224.14,218
US48,"9/6/2023 11 a.m. EDT",550666.94,564301.95,549066.94,379
US48,"9/6/2023 12 p.m. EDT",580030.71,594404.68,579163.71,816
US48,"9/6/2023 1 p.m. EDT",608800.19,622678.78,606831.19,260
US48,"9/6/2023 2 p.m. EDT",634653.4,647443.1,632678.4,374
US48,"9/6/2023 3 p.m. EDT",654492.4,667104.64,652118.4,237
US48,"9/6/2023 4 p.m. EDT",669199.33,680412.21,667381.33,426
US48,"9/6/2023 5 p.m. EDT",680019.44,688150.58,678546.44,573
US48,"9/6/2023 6 p.m. EDT",686021.91,689317.38,684891.9,184
US48,"9/6/2023 7 p.m. EDT",683040.23,681812.26,683353.23,908
US48,"9/6/2023 8 p.m. EDT",670563.9,668010.98,670098.9,834
US48,"9/6/2023 9 p.m. EDT",653179.6,647733.12,651465.6,433
US48,"9/6/2023 10 p.m. EDT",625795.77,618525.15,622293.77,307
US48,"9/6/2023 11 p.m. EDT",592707.73,583131.49,587064.73,-350
US48,"9/7/2023 12 a.m. EDT",556376.58,543977.43,551457.58,989
US48,"9/7/2023 1 a.m. EDT",523607.2,510409.77,518452.2,1163
US48,"9/7/2023 2 a.m. EDT",496044.04,480767.16,490920.03,1284
US48,"9/7/2023 3 a.m. EDT",473301.81,456439.22,468352.81,1105
US48,"9/7/2023 4 a.m. EDT",457651.6,445821.2,453131.59,682
US48,"9/7/2023 5 a.m. EDT",449210.21,441040.81,445317.21,564
US48,"9/7/2023 6 a.m. EDT",452045.87,447191.38,448633.87,744
US48,"9/7/2023 7 a.m. EDT",466804.57,462565.17,463891.57,624
US48,"9/7/2023 8 a.m. EDT",481506.81,480198.33,477814.81,-276
US48,"9/7/2023 9 a.m. EDT",494951.98,497754.07,490745.98,-1179
US48,"9/7/2023 10 a.m. EDT",514404.19,522253.03,510783.19,-1624
US48,"9/7/2023 11 a.m. EDT",541487.75,549644.85,538248.75,-1055
US48,"9/7/2023 12 p.m. EDT",571469.98,578179.44,568951.98,-990
US48,"9/7/2023 1 p.m. EDT",601380.57,605551.91,597773.57,-1188
US48,"9/7/2023 2 p.m. EDT",626905.39,629249.42,622440.39,-1125
US48,"9/7/2023 3 p.m. EDT",645358.35,648145.44,641047.35,-1857
US48,"9/7/2023 4 p.m. EDT",658163.44,660813.38,653572.44,-2012
US48,"9/7/2023 5 p.m. EDT",665250.1,667946.39,660461.1,-2962
US48,"9/7/2023 6 p.m. EDT",666836.26,668681.21,663821.26,-3088
US48,"9/7/2023 7 p.m. EDT",659536.36,660438.17,656986.36,-2644
US48,"9/7/2023 8 p.m. EDT",645519.7,647629.67,642336.7,-2859
US48,"9/7/2023 9 p.m. EDT",630521.19,629624.2,626831.19,-2135
US48,"9/7/2023 10 p.m. EDT",606495.73,601494.35,600189.73,-2201
US48,"9/7/2023 11 p.m. EDT",575359.83,567424.83,568657.83,-1023
US48,"9/8/2023 12 a.m. EDT",540945.23,530748.74,535554.23,806
US48,"9/8/2023 1 a.m. EDT",509399.3,496837.71,503992.3,1177
US48,"9/8/2023 2 a.m. EDT",483281.1,468068.47,478642.1,2152
US48,"9/8/2023 3 a.m. EDT",461708.71,447897.08,456396.71,1734
US48,"9/8/2023 4 a.m. EDT",446317.29,435085.96,441176.28,1386
US48,"9/8/2023 5 a.m. EDT",437802.75,431251.58,433478.75,1515
US48,"9/8/2023 6 a.m. EDT",439861.25,437085.77,436089.25,926
US48,"9/8/2023 7 a.m. EDT",455216.78,451165.9,451000.78,213
US48,"9/8/2023 8 a.m. EDT",468712.72,467397.83,463375.72,-1477
US48,"9/8/2023 9 a.m. EDT",480582.6,482573.71,475359.6,-1613
US48,"9/8/2023 10 a.m. EDT",496696.05,503556.03,493069.05,-1251
US48,"9/8/2023 11 a.m. EDT",519360.89,527867.7,515089.89,-1459
US48,"9/8/2023 12 p.m. EDT",544537.72,552646.73,540738.72,-1973
US48,"9/8/2023 1 p.m. EDT",570700.68,576790.06,565380.68,-2692
US48,"9/8/2023 2 p.m. EDT",595263.98,598910.06,589623.98,-2808
US48,"9/8/2023 3 p.m. EDT",613697.07,617032.32,607508.07,-3398
US48,"9/8/2023 4 p.m. EDT",622358.69,630514.39,615878.69,-3986
US48,"9/8/2023 5 p.m. EDT",627625.69,638897.24,621823.69,-3976
US48,"9/8/2023 6 p.m. EDT",630633.49,640063.27,625790.48,-3829
US48,"9/8/2023 7 p.m. EDT",623512.94,630981.6,619443.94,-3803
US48,"9/8/2023 8 p.m. EDT",608661.69,617160.86,605016.69,-2530
US48,"9/8/2023 9 p.m. EDT",593589.38,597671.91,588314.38,-3259
US48,"9/8/2023 10 p.m. EDT",572756.97,572404.28,565229.97,-3557
US48,"9/8/2023 11 p.m. EDT",546447.24,542632.71,537588.24,-3296
US48,"9/9/2023 12 a.m. EDT",516037.44,510462.37,509733.43,-1150
US48,"9/9/2023 1 a.m. EDT",485047.76,478473.37,480581.76,430
US48,"9/9/2023 2 a.m. EDT",460897.7,451964.85,456001.7,576
US48,"9/9/2023 3 a.m. EDT",441493.17,430990.15,436798.17,945
US48,"9/9/2023 4 a.m. EDT",426848.18,416645.39,422365.18,801
US48,"9/9/2023 5 a.m. EDT",416281.88,408413.3,411970.88,1027
US48,"9/9/2023 6 a.m. EDT",411737.57,405666.75,407658.57,557
US48,"9/9/2023 7 a.m. EDT",412800.93,407678.11,408845.93,511
US48,"9/9/2023 8 a.m. EDT",416594.19,415420.66,412540.19,52
US48,"9/9/2023 9 a.m. EDT",428007.84,429748.12,423957.84,-68
US48,"9/9/2023 10 a.m. EDT",446355.2,449318.3,441628.2,-874
US48,"9/9/2023 11 a.m. EDT",469467.57,472363.46,465449.57,-831
US48,"9/9/2023 12 p.m. EDT",494241.31,497153.58,492551.31,-445
US48,"9/9/2023 1 p.m. EDT",520429.35,520420.51,517386.35,-626
US48,"9/9/2023 2 p.m. EDT",543269.87,541674.92,538870.87,-966
US48,"9/9/2023 3 p.m. EDT",560678.78,559849.16,556733.78,-1219
US48,"9/9/2023 4 p.m. EDT",572382,575220.15,567584,-2598
US48,"9/9/2023 5 p.m. EDT",580688.58,586071.62,575448.58,-3155
US48,"9/9/2023 6 p.m. EDT",585740.14,590053.7,580780.14,-3748
US48,"9/9/2023 7 p.m. EDT",584243.85,585693.29,579474.85,-3506
US48,"9/9/2023 8 p.m. EDT",575574.64,574363.23,570956.64,-2787
US48,"9/9/2023 9 p.m. EDT",561802.91,559766.88,557043.9,-1884
US48,"9/9/2023 10 p.m. EDT",542649.23,539712.22,536941.23,-1763
US48,"9/9/2023 11 p.m. EDT",518542.91,512832.56,512072.91,-1883
US48,"9/10/2023 12 a.m. EDT",492375.15,484716.65,486146.15,-1224
US48,"9/10/2023 1 a.m. EDT",465150.21,454393.93,459689.2,-362
US48,"9/10/2023 2 a.m. EDT",441876.29,430848.18,437134.29,677
US48,"9/10/2023 3 a.m. EDT",423362.53,411102.93,418300.53,630
US48,"9/10/2023 4 a.m. EDT",409240.91,398908.09,404121.91,489
US48,"9/10/2023 5 a.m. EDT",399400.95,390530.72,394796.95,546
US48,"9/10/2023 6 a.m. EDT",393884.33,386552.58,389305.33,467
US48,"9/10/2023 7 a.m. EDT",393587.98,387327.9,389305.98,531
US48,"9/10/2023 8 a.m. EDT",396125.97,392882.19,392348.97,425
US48,"9/10/2023 9 a.m. EDT",406448.08,406708.36,402721.08,365
US48,"9/10/2023 10 a.m. EDT",426355.98,425609.85,422462.98,-323
US48,"9/10/2023 11 a.m. EDT",448490.7,448468.66,444850.7,-10
US48,"9/10/2023 12 p.m. EDT",471864.94,472001.88,469271.94,78
US48,"9/10/2023 1 p.m. EDT",497381.98,495918.81,494172.98,-14
US48,"9/10/2023 2 p.m. EDT",521435.98,517730.46,517798.98,-138
US48,"9/10/2023 3 p.m. EDT",541059.43,536932.04,536895.43,-641
US48,"9/10/2023 4 p.m. EDT",557810.87,553887.84,553870.87,-843
US48,"9/10/2023 5 p.m. EDT",573488.64,568363.78,570048.64,-1404
US48,"9/10/2023 6 p.m. EDT",583968.46,577273.63,579840.46,-2834
US48,"9/10/2023 7 p.m. EDT",585107.98,576711.04,581563.98,-2688
US48,"9/10/2023 8 p.m. EDT",577147.58,568785.08,573977.58,-2181
US48,"9/10/2023 9 p.m. EDT",567381.56,556623.26,564832.56,-1358
US48,"9/10/2023 10 p.m. EDT",547164.93,535241.4,542182.93,-1684
US48,"9/10/2023 11 p.m. EDT",519550.77,507884.34,512708.77,-1608
US48,"9/11/2023 12 a.m. EDT",490050.75,478419.88,482806.75,-743
US48,"9/11/2023 1 a.m. EDT",461830.91,452120.74,455423.91,950
US48,"9/11/2023 2 a.m. EDT",438312.5,432069.41,432691.5,1596
US48,"9/11/2023 3 a.m. EDT",420850.13,414336.7,415297.13,1349
US48,"9/11/2023 4 a.m. EDT",409154.18,403810.13,404157.18,1806
US48,"9/11/2023 5 a.m. EDT",404747.04,402330.78,399322.04,1171
US48,"9/11/2023 6 a.m. EDT",410527.79,411417.33,406580.79,1364
US48,"9/11/2023 7 a.m. EDT",427980.53,428411.63,423022.53,701
US48,"9/11/2023 8 a.m. EDT",443790.62,444353.58,438205.62,-255
US48,"9/11/2023 9 a.m. EDT",458938.88,460160.27,454263.88,-453
US48,"9/11/2023 10 a.m. EDT",476329.06,479785.5,472941.06,-302
US48,"9/11/2023 11 a.m. EDT",497673.96,501884.41,494171.96,-334
US48,"9/11/2023 12 p.m. EDT",521923.17,524559.36,519927.17,-154
US48,"9/11/2023 1 p.m. EDT",547412.12,546680.86,543830.12,-437
US48,"9/11/2023 2 p.m. EDT",569308,567049.62,565014,-581
US48,"9/11/2023 3 p.m. EDT",587584.19,584576.79,583407.19,-853
US48,"9/11/2023 4 p.m. EDT",601424.68,598520.43,596901.68,-888
US48,"9/11/2023 5 p.m. EDT",610527.64,608438.96,606354.64,-785
US48,"9/11/2023 6 p.m. EDT",614167.3,611423.29,610563.3,-1153
US48,"9/11/2023 7 p.m. EDT",609509.07,605819.3,605268.07,-2062
US48,"9/11/2023 8 p.m. EDT",598325.35,594820.68,594073.35,-977
US48,"9/11/2023 9 p.m. EDT",586148.68,578932.54,582203.68,-61
US48,"9/11/2023 10 p.m. EDT",562784.27,554016.19,557897.27,530
US48,"9/11/2023 11 p.m. EDT",531913.54,522637.6,526796.54,452
US48,"9/12/2023 12 a.m. EDT",501142.15,490828.74,495649.14,1221
US48,"9/12/2023 1 a.m. EDT",471031.4,462703.07,466599.4,2250
US48,"9/12/2023 2 a.m. EDT",446616.54,439124.83,441269.54,2382
US48,"9/12/2023 3 a.m. EDT",428056.97,417661.53,423261.97,2701
US48,"9/12/2023 4 a.m. EDT",415199.54,409038.19,410926.54,2201
US48,"9/12/2023 5 a.m. EDT",410161.37,406472.01,405940.37,1547
US48,"9/12/2023 6 a.m. EDT",415456.4,415143.85,411251.39,1445
US48,"9/12/2023 7 a.m. EDT",431134.92,431210.28,427088.92,694
US48,"9/12/2023 8 a.m. EDT",448049.45,446681.09,442306.44,-720
US48,"9/12/2023 9 a.m. EDT",460252.04,461160.25,455751.03,-219
US48,"9/12/2023 10 a.m. EDT",474984.64,479103.9,471053.64,-231
US48,"9/12/2023 11 a.m. EDT",494621.63,498512.69,490892.63,-88
US48,"9/12/2023 12 p.m. EDT",516109.33,518985.47,512877.32,-266
US48,"9/12/2023 1 p.m. EDT",536956.3,538304.44,532598.3,-86
US48,"9/12/2023 2 p.m. EDT",555803.92,555496.48,548980.92,-731
US48,"9/12/2023 3 p.m. EDT",568304.53,568893.5,562867.53,-1277
US48,"9/12/2023 4 p.m. EDT",579824.08,579715.76,574620.08,-1248
US48,"9/12/2023 5 p.m. EDT",588811.57,587625.72,584185.57,-802
US48,"9/12/2023 6 p.m. EDT",593301,590038.25,589516,-765
US48,"9/12/2023 7 p.m. EDT",587471.31,586132.98,584101.31,-544
US48,"9/12/2023 8 p.m. EDT",578835.53,576632.28,575322.53,-453
US48,"9/12/2023 9 p.m. EDT",569105.5,562769.51,564851.5,-271
US48,"9/12/2023 10 p.m. EDT",549379.98,539717.61,544936.98,696
US48,"9/12/2023 11 p.m. EDT",521367.56,510634.66,517008.56,1418
US48,"9/13/2023 12 a.m. EDT",491334.69,480456.62,487906.69,3270
US48,"9/13/2023 1 a.m. EDT",463246.69,453116.57,460173.69,3366
US48,"9/13/2023 2 a.m. EDT",441607.9,431169.6,438290.9,3226
US48,"9/13/2023 3 a.m. EDT",423874.68,411182.01,419973.68,3046
US48,"9/13/2023 4 a.m. EDT",411983.19,402502.77,408441.19,2826
US48,"9/13/2023 5 a.m. EDT",406679.67,400885.25,403175.67,2135
US48,"9/13/2023 6 a.m. EDT",411746.05,409615.23,408231.04,1726
US48,"9/13/2023 7 a.m. EDT",427462.68,425912.61,423875.68,1569
US48,"9/13/2023 8 a.m. EDT",442337.71,440630.76,438248.71,71
US48,"9/13/2023 9 a.m. EDT",453854.74,454194.22,449485.74,-718
US48,"9/13/2023 10 a.m. EDT",468001.4,470138.37,464236.4,-1436
US48,"9/13/2023 11 a.m. EDT",484268.1,487027.79,480672.1,-998
US48,"9/13/2023 12 p.m. EDT",503245.08,504147.26,499305.08,-1112
US48,"9/13/2023 1 p.m. EDT",521883.43,520506.23,517313.43,-763
US48,"9/13/2023 2 p.m. EDT",537995.38,535550.77,533089.38,-1657
US48,"9/13/2023 3 p.m. EDT",550949.27,547916.96,546458.27,-1305
US48,"9/13/2023 4 p.m. EDT",562063.7,558502.56,558163.7,-1327
US48,"9/13/2023 5 p.m. EDT",570919.6,566373.67,567057.6,-1456
US48,"9/13/2023 6 p.m. EDT",574644.16,568975.9,570729.16,-2189
US48,"9/13/2023 7 p.m. EDT",570230.59,565027.68,566365.59,-2191
US48,"9/13/2023 8 p.m. EDT",560771.7,556832.96,557285.7,-2591
US48,"9/13/2023 9 p.m. EDT",552723.16,544416.57,548627.16,-2485
US48,"9/13/2023 10 p.m. EDT",535321.29,523031.56,530181.28,-1868
US48,"9/13/2023 11 p.m. EDT",508809.38,495249.54,503192.37,-1327
US48,"9/14/2023 12 a.m. EDT",479380.79,466316.13,475379.78,1296
US48,"9/14/2023 1 a.m. EDT",451086.27,441345.2,447438.26,1898
US48,"9/14/2023 2 a.m. EDT",429337.44,419158.3,425430.44,1863
US48,"9/14/2023 3 a.m. EDT",411621.74,399753.16,407893.73,1938
US48,"9/14/2023 4 a.m. EDT",400222.02,392479.31,397420.01,2369
US48,"9/14/2023 5 a.m. EDT",394808.26,390877.21,392372.26,2250
US48,"9/14/2023 6 a.m. EDT",400092.47,399150.71,398724.47,2270
US48,"9/14/2023 7 a.m. EDT",416203.14,414683.32,413021.13,956
US48,"9/14/2023 8 a.m. EDT",431418.8,429257.26,427968.79,-208
US48,"9/14/2023 9 a.m. EDT",442416.18,442461.03,440278.18,-184
US48,"9/14/2023 10 a.m. EDT",454639.61,455766.97,452830.61,-223
US48,"9/14/2023 11 a.m. EDT",469137.06,470998.85,466619.05,-24
US48,"9/14/2023 12 p.m. EDT",485184.04,486825.63,482596.04,-169
US48,"9/14/2023 1 p.m. EDT",501487.76,502590.67,497875.76,-823
US48,"9/14/2023 2 p.m. EDT",518520.7,518078.88,513906.7,-1451
US48,"9/14/2023 3 p.m. EDT",530676.58,531226.78,525479.58,-929
US48,"9/14/2023 4 p.m. EDT",541059.65,542664.05,536678.65,-839
US48,"9/14/2023 5 p.m. EDT",550361.94,551498.22,546792.95,-859
US48,"9/14/2023 6 p.m. EDT",555487.52,554972.67,552791.52,-1436
US48,"9/14/2023 7 p.m. EDT",552265.61,551645.09,550232.6,-1561
US48,"9/14/2023 8 p.m. EDT",544655.67,544582.7,541778.67,-1445
US48,"9/14/2023 9 p.m. EDT",537852.11,533307.17,534147.11,-1409
US48,"9/14/2023 10 p.m. EDT",521080.65,513044.84,515079.65,-1963
US48,"9/14/2023 11 p.m. EDT",495890.75,486297.78,489194.75,-2265
US48,"9/15/2023 12 a.m. EDT",468518.58,458192.32,463308.58,-105
US48,"9/15/2023 1 a.m. EDT",441272.67,431908.58,436780.67,434
US48,"9/15/2023 2 a.m. EDT",418983.68,408726,415593.67,1969
US48,"9/15/2023 3 a.m. EDT",401164.5,393398.32,398235.5,2450
US48,"9/15/2023 4 a.m. EDT",390588.51,383652.46,388022.51,2452
US48,"9/15/2023 5 a.m. EDT",386066.49,381108.25,384292.48,2433
US48,"9/15/2023 6 a.m. EDT",390819.43,388926.87,389113.43,2238
US48,"9/15/2023 7 a.m. EDT",405720.2,404031.32,402971.2,1019
US48,"9/15/2023 8 a.m. EDT",419951.84,418074.63,416244.84,-242
US48,"9/15/2023 9 a.m. EDT",430383.33,430826.17,427756.33,365
US48,"9/15/2023 10 a.m. EDT",442155.57,445192.28,440136.57,-91
US48,"9/15/2023 11 a.m. EDT",455644.62,459244.3,453350.62,-203
US48,"9/15/2023 12 p.m. EDT",474933.08,473765.91,471976.08,-1046
US48,"9/15/2023 1 p.m. EDT",486279.37,489398.63,482522.37,-1132
US48,"9/15/2023 2 p.m. EDT",500390.72,503560.47,495971.72,-1293
US48,"9/15/2023 3 p.m. EDT",513199.28,516565.89,508838.28,-933
US48,"9/15/2023 4 p.m. EDT",524698.2,528230.03,519988.2,-1605
US48,"9/15/2023 5 p.m. EDT",533108.86,537862.9,527550.86,-2282
US48,"9/15/2023 6 p.m. EDT",537306.63,541750.12,533144.63,-2376
US48,"9/15/2023 7 p.m. EDT",533082.72,537212.58,530986.72,-1029
US48,"9/15/2023 8 p.m. EDT",523940.09,527606.8,521764.09,-907
US48,"9/15/2023 9 p.m. EDT",513767.8,515309.75,511079.8,-897
US48,"9/15/2023 10 p.m. EDT",497086.15,496607.12,492364.15,-932
US48,"9/15/2023 11 p.m. EDT",475517.85,472618.86,470889.85,-489
US48,"9/16/2023 12 a.m. EDT",452125.45,446238.11,449046.45,2299
US48,"9/16/2023 1 a.m. EDT",428151.23,420783.41,425019.23,1799
US48,"9/16/2023 2 a.m. EDT",407367.46,401092.57,404521.46,2204
US48,"9/16/2023 3 a.m. EDT",390795.03,382439.16,387597.03,2107
US48,"9/16/2023 4 a.m. EDT",379509.48,374114,376623.48,2255
US48,"9/16/2023 5 a.m. EDT",372478.12,367315.97,368816.12,1774
US48,"9/16/2023 6 a.m. EDT",370477.58,366481.28,366823.58,1577
US48,"9/16/2023 7 a.m. EDT",374034,370328.51,370598,1708
US48,"9/16/2023 8 a.m. EDT",378916.07,378408.66,376039.07,1257
US48,"9/16/2023 9 a.m. EDT",390195.66,390962.77,387767.66,1743
US48,"9/16/2023 10 a.m. EDT",403984.04,406435.91,401944.04,1655
US48,"9/16/2023 11 a.m. EDT",420019.35,422709.5,419127.35,1669
US48,"9/16/2023 12 p.m. EDT",437995.8,438825.46,437844.8,941
US48,"9/16/2023 1 p.m. EDT",455587.43,453719.94,453661.43,956
US48,"9/16/2023 2 p.m. EDT",469122.24,467434.55,466780.24,610
US48,"9/16/2023 3 p.m. EDT",481749.45,480077.32,478350.44,141
US48,"9/16/2023 4 p.m. EDT",492241.01,492687.33,488545.01,-285
US48,"9/16/2023 5 p.m. EDT",501837.3,503603.24,497370.29,-764
US48,"9/16/2023 6 p.m. EDT",507441.21,510354.09,503562.21,-861
US48,"9/16/2023 7 p.m. EDT",505569.37,509675.72,502536.37,-834
US48,"9/16/2023 8 p.m. EDT",499239.4,504679.07,496786.39,-179
US48,"9/16/2023 9 p.m. EDT",491378.92,495679.49,489299.91,183
US48,"9/16/2023 10 p.m. EDT",476092,479167.94,474514.99,1303
US48,"9/16/2023 11 p.m. EDT",457336.8,457015.07,455692.8,2676
US48,"9/17/2023 12 a.m. EDT",436188.95,433934.51,433883.95,3160
US48,"9/17/2023 1 a.m. EDT",415360.32,410306.11,413237.32,3849
US48,"9/17/2023 2 a.m. EDT",397126.33,393396.63,394971.32,4116
US48,"9/17/2023 3 a.m. EDT",382851.85,374245.01,379700.84,3713
US48,"9/17/2023 4 a.m. EDT",371924.71,366484.25,368664.7,3136
US48,"9/17/2023 5 a.m. EDT",364673.02,359648.55,361269.01,2842
US48,"9/17/2023 6 a.m. EDT",362059.71,357391.97,359166.7,3336
US48,"9/17/2023 7 a.m. EDT",363302.25,359450.36,360927.25,3570
US48,"9/17/2023 8 a.m. EDT",366245.8,365209.87,364606.8,3434
US48,"9/17/2023 9 a.m. EDT",374680.99,376637.24,372788.99,2878
US48,"9/17/2023 10 a.m. EDT",390067.51,392193.92,388376.51,3108
US48,"9/17/2023 11 a.m. EDT",407280.11,409753,406712.11,3160
US48,"9/17/2023 12 p.m. EDT",427143.25,428254.53,427257.25,2939
US48,"9/17/2023 1 p.m. EDT",448069.93,446201.38,447427.93,2574
US48,"9/17/2023 2 p.m. EDT",465794.77,462727.17,464555.77,2736
US48,"9/17/2023 3 p.m. EDT",480995.52,477334.1,479738.52,2974
US48,"9/17/2023 4 p.m. EDT",493675.65,491888.05,492806.66,2858
US48,"9/17/2023 5 p.m. EDT",506465.09,505369.48,504990.09,2584
US48,"9/17/2023 6 p.m. EDT",516133.97,513710.45,513859.97,1684
US48,"9/17/2023 7 p.m. EDT",518648.79,515979.14,516453.79,794
US48,"9/17/2023 8 p.m. EDT",515353.85,512489.57,513743.85,754
US48,"9/17/2023 9 p.m. EDT",508432.48,503959.82,505744.47,1420
US48,"9/17/2023 10 p.m. EDT",490890.58,485372.93,488877.58,2359
US48,"9/17/2023 11 p.m. EDT",467314.52,460921.65,465635.52,3007
US48,"9/18/2023 12 a.m. EDT",441595.33,434869.68,439164.32,3773
US48,"9/18/2023 1 a.m. EDT",417828.84,410350.26,415448.84,3731
US48,"9/18/2023 2 a.m. EDT",399211.02,390448.13,396838.01,3837
US48,"9/18/2023 3 a.m. EDT",384215.66,373425.72,381321.65,3273
US48,"9/18/2023 4 a.m. EDT",374775.2,369029.85,372101.2,2242
US48,"9/18/2023 5 a.m. EDT",371765.87,368839.99,369513.87,2223
US48,"9/18/2023 6 a.m. EDT",377946.9,379251.09,376345.9,2914
US48,"9/18/2023 7 a.m. EDT",395177.77,397112.56,392757.77,1929
US48,"9/18/2023 8 a.m. EDT",413686.09,413817.97,410927.09,1597
US48,"9/18/2023 9 a.m. EDT",427365.5,427438.31,425550.5,1366
US48,"9/18/2023 10 a.m. EDT",441736.3,443389.28,440202.3,1492
US48,"9/18/2023 11 a.m. EDT",458672.52,459818.39,457363.52,1749
US48,"9/18/2023 12 p.m. EDT",477117.61,476484.86,475148.61,1107
US48,"9/18/2023 1 p.m. EDT",498669.72,493166.61,495787.72,717
US48,"9/18/2023 2 p.m. EDT",511994.82,509201.66,507899.82,728
US48,"9/18/2023 3 p.m. EDT",525009.39,523279.41,521520.39,884
US48,"9/18/2023 4 p.m. EDT",536374.65,535344.69,533127.65,1432
US48,"9/18/2023 5 p.m. EDT",545801.42,544871.31,542869.42,1514
US48,"9/18/2023 6 p.m. EDT",551801.68,549861.95,549817.68,955
US48,"9/18/2023 7 p.m. EDT",550612.01,547120.84,548022.01,626
US48,"9/18/2023 8 p.m. EDT",542626.24,539923.48,540131.24,597
US48,"9/18/2023 9 p.m. EDT",530458.12,527224.56,527144.12,363
US48,"9/18/2023 10 p.m. EDT",509153.71,505347.61,504781.71,465
US48,"9/18/2023 11 p.m. EDT",482249.97,477175.8,478253.97,1116
US48,"9/19/2023 12 a.m. EDT",454313.48,447434.08,449971.48,1739
US48,"9/19/2023 1 a.m. EDT",427992.81,420099.16,423958.81,2025
US48,"9/19/2023 2 a.m. EDT",407490.89,397945.21,403383.89,2458
US48,"9/19/2023 3 a.m. EDT",391447.32,379759.14,387130.32,2163
US48,"9/19/2023 4 a.m. EDT",380690.22,374128.67,377151.22,1865
US48,"9/19/2023 5 a.m. EDT",376736.3,373098.56,372768.3,1554
US48,"9/19/2023 6 a.m. EDT",381754.59,382439.58,378249.59,1148
US48,"9/19/2023 7 a.m. EDT",397689.15,399040.86,394439.15,929
US48,"9/19/2023 8 a.m. EDT",413900.8,414424.71,410440.8,46
US48,"9/19/2023 9 a.m. EDT",424612.71,426276.97,422212.71,72
US48,"9/19/2023 10 a.m. EDT",435144.04,439070.83,433279.04,325
US48,"9/19/2023 11 a.m. EDT",449685.51,453807.81,447203.51,197
US48,"9/19/2023 12 p.m. EDT",466584.85,469411.54,463890.85,-380
US48,"9/19/2023 1 p.m. EDT",485848.34,485719.04,482604.34,-319
US48,"9/19/2023 2 p.m. EDT",504707.94,501543.68,500974.94,202
US48,"9/19/2023 3 p.m. EDT",514580.99,516155.85,510353.99,357
US48,"9/19/2023 4 p.m. EDT",526722.64,535193.04,522760.64,229
US48,"9/19/2023 5 p.m. EDT",537662.02,540781.92,534151.02,-94
US48,"9/19/2023 6 p.m. EDT",543874.03,547248.81,540648.03,-403
US48,"9/19/2023 7 p.m. EDT",542241.23,545994.29,539503.23,-250
US48,"9/19/2023 8 p.m. EDT",535517.39,539744.57,533791.39,505
US48,"9/19/2023 9 p.m. EDT",526413.06,526712.55,524793.06,1184
US48,"9/19/2023 10 p.m. EDT",507305.5,505593.06,504957.5,1721
US48,"9/19/2023 11 p.m. EDT",482000.43,478691.47,479799.43,2300
US48,"9/20/2023 12 a.m. EDT",454695.81,448615.02,451895.81,3136
US48,"9/20/2023 1 a.m. EDT",428815.89,420918.9,425340.89,2590
US48,"9/20/2023 2 a.m. EDT",408232.94,400536.25,404581.94,2423
US48,"9/20/2023 3 a.m. EDT",392739.2,381707.35,388721.2,2562
US48,"9/20/2023 4 a.m. EDT",382331.64,375724.96,378617.64,1873
US48,"9/20/2023 5 a.m. EDT",378290.62,374187.89,374436.62,2335
US48,"9/20/2023 6 a.m. EDT",382231.89,383011.6,378645.89,1931
US48,"9/20/2023 7 a.m. EDT",400112.59,399487.78,396945.59,2028
US48,"9/20/2023 8 a.m. EDT",417375.69,414310.41,413053.69,539
US48,"9/20/2023 9 a.m. EDT",427229.54,426227.8,423983.54,747
US48,"9/20/2023 10 a.m. EDT",438796.47,440130.68,436726.47,1211
US48,"9/20/2023 11 a.m. EDT",454920.44,455766.28,452568.44,1627
US48,"9/20/2023 12 p.m. EDT",471988.4,472738.89,469478.4,903
US48,"9/20/2023 1 p.m. EDT",495046.38,489776.82,490740.38,435
US48,"9/20/2023 2 p.m. EDT",508470.6,506297.94,503974.6,63
US48,"9/20/2023 3 p.m. EDT",524835.67,522003.95,520038.67,-387
US48,"9/20/2023 4 p.m. EDT",538052.95,535578.68,533750.95,-808
US48,"9/20/2023 5 p.m. EDT",548798.69,546979.45,544594.69,-1037
US48,"9/20/2023 6 p.m. EDT",554601.22,552925.53,550969.22,-1341
US48,"9/20/2023 7 p.m. EDT",551522.04,550354,549093.04,-1096
US48,"9/20/2023 8 p.m. EDT",542221.36,542886.17,541026.36,-411
US48,"9/20/2023 9 p.m. EDT",532707.52,530098.12,531174.52,-252
US48,"9/20/2023 10 p.m. EDT",515110.46,509133.65,512703.46,136
US48,"9/20/2023 11 p.m. EDT",489075.27,482495.97,486490.27,1155
US48,"9/21/2023 12 a.m. EDT",462338.92,452256.48,460232.92,2533
US48,"9/21/2023 1 a.m. EDT",436275.56,425666.22,433793.56,2395
US48,"9/21/2023 2 a.m. EDT",415478.18,405072.24,412301.18,2002
US48,"9/21/2023 3 a.m. EDT",399537.5,386040.54,396153.5,1658
US48,"9/21/2023 4 a.m. EDT",388706.75,380767.05,385529.75,1772
US48,"9/21/2023 5 a.m. EDT",384213.99,379468.85,380780.99,1617
US48,"9/21/2023 6 a.m. EDT",389926.88,389030.44,386882.88,1311
US48,"9/21/2023 7 a.m. EDT",406730.45,405367.99,404277.45,1119
US48,"9/21/2023 8 a.m. EDT",423675.34,420852.19,420972.34,282
US48,"9/21/2023 9 a.m. EDT",434270.95,433527.99,432962.95,1239
US48,"9/21/2023 10 a.m. EDT",446549.82,448648.06,445729.82,1140
US48,"9/21/2023 11 a.m. EDT",462975.34,464301.85,461843.34,1393
US48,"9/21/2023 12 p.m. EDT",482149.07,481479.03,481409.07,1131
US48,"9/21/2023 1 p.m. EDT",501816.17,498937.6,499508.17,864
US48,"9/21/2023 2 p.m. EDT",519816.92,515598.92,517497.92,513
US48,"9/21/2023 3 p.m. EDT",534910.7,530221,532006.7,-120
US48,"9/21/2023 4 p.m. EDT",547407.47,541593.27,544012.47,-558
US48,"9/21/2023 5 p.m. EDT",555884.97,550503.4,553044.97,-890
US48,"9/21/2023 6 p.m. EDT",559207.44,553001.66,556725.44,-901
US48,"9/21/2023 7 p.m. EDT",553813.66,548465.02,551250.66,-1100
US48,"9/21/2023 8 p.m. EDT",544148.26,540516.96,543094.26,-608
US48,"9/21/2023 9 p.m. EDT",533819.78,528150.25,531892.78,-1044
US48,"9/21/2023 10 p.m. EDT",515077.72,508001.02,512881.72,-257
US48,"9/21/2023 11 p.m. EDT",490917.57,481582.52,488522.57,261
US48,"9/22/2023 12 a.m. EDT",463917.2,452131.33,461740.2,1318
US48,"9/22/2023 1 a.m. EDT",438337.98,425068.71,436617.98,2285
US48,"9/22/2023 2 a.m. EDT",417297.98,403241.45,415856.98,2435
US48,"9/22/2023 3 a.m. EDT",401110.92,384302.08,399073.92,1898
US48,"9/22/2023 4 a.m. EDT",390570.55,378833.34,388653.55,1316
US48,"9/22/2023 5 a.m. EDT",386126.63,377241.68,384082.63,1582
US48,"9/22/2023 6 a.m. EDT",391533.98,386057.67,389449.98,1200
US48,"9/22/2023 7 a.m. EDT",408004.41,401654.08,405887.41,635
US48,"9/22/2023 8 a.m. EDT",424013.06,417657.22,421224.06,-214
US48,"9/22/2023 9 a.m. EDT",434628.96,430611.53,433237.96,137
US48,"9/22/2023 10 a.m. EDT",446783.4,445906.39,445394.4,655
US48,"9/22/2023 11 a.m. EDT",463018.87,461003.31,461892.87,738
US48,"9/22/2023 12 p.m. EDT",480437.85,477445.5,479071.85,864
US48,"9/22/2023 1 p.m. EDT",497387.75,493217.58,494657.75,500
US48,"9/22/2023 2 p.m. EDT",512184.41,508253.13,509820.41,282
US48,"9/22/2023 3 p.m. EDT",524869.79,521306.8,522462.79,301
US48,"9/22/2023 4 p.m. EDT",534348.39,531651.24,531626.39,103
US48,"9/22/2023 5 p.m. EDT",541137.58,539280.48,540281.58,253
US48,"9/22/2023 6 p.m. EDT",544744.44,540302.83,542933.44,47
US48,"9/22/2023 7 p.m. EDT",538913.48,534717.46,536465.48,-31
US48,"9/22/2023 8 p.m. EDT",525216.01,524657.63,523403.01,513
US48,"9/22/2023 9 p.m. EDT",511149.94,510325.69,509069.94,-224
US48,"9/22/2023 10 p.m. EDT",494043.43,491468.11,492496.43,745
US48,"9/22/2023 11 p.m. EDT",474152.34,468405.13,472186.34,855
US48,"9/23/2023 12 a.m. EDT",451966.04,442828.35,450437.04,2210
US48,"9/23/2023 1 a.m. EDT",429673.24,418025.35,428061.24,2267
US48,"9/23/2023 2 a.m. EDT",410724.11,398099.5,408393.11,1892
US48,"9/23/2023 3 a.m. EDT",394436.45,379346.19,392069.45,1673
US48,"9/23/2023 4 a.m. EDT",382105.74,370758.99,379714.74,1623
US48,"9/23/2023 5 a.m. EDT",374528.91,364444.64,372246.91,1665
US48,"9/23/2023 6 a.m. EDT",371604.31,363990.38,369657.31,1945
US48,"9/23/2023 7 a.m. EDT",374463.28,368447.92,372710.28,1663
US48,"9/23/2023 8 a.m. EDT",380541.13,376488.89,378490.13,1243
US48,"9/23/2023 9 a.m. EDT",391264.16,389459.16,390088.16,1687
US48,"9/23/2023 10 a.m. EDT",408700.82,407049.7,407010.82,867
US48,"9/23/2023 11 a.m. EDT",427484.21,424630.62,425328.21,919
US48,"9/23/2023 12 p.m. EDT",446440.17,442655.34,444858.17,1670
US48,"9/23/2023 1 p.m. EDT",464663.82,458249.62,463897.82,1857
US48,"9/23/2023 2 p.m. EDT",480906.99,471988.43,479174.99,1463
US48,"9/23/2023 3 p.m. EDT",493550.69,484905.82,492936.69,1797
US48,"9/23/2023 4 p.m. EDT",505369.32,496282.33,504864.32,1748
US48,"9/23/2023 5 p.m. EDT",513554.62,505324.15,513025.62,2058
US48,"9/23/2023 6 p.m. EDT",518448.8,510594.63,517571.8,1282
US48,"9/23/2023 7 p.m. EDT",515680.3,508331.31,514923.3,1544
US48,"9/23/2023 8 p.m. EDT",504834.85,502025.58,504752.85,1356
US48,"9/23/2023 9 p.m. EDT",493556.45,490581.08,492922.45,1586
US48,"9/23/2023 10 p.m. EDT",478535.44,473745.63,478085.43,2368
US48,"9/23/2023 11 p.m. EDT",460498.15,452487.05,458452.14,1660
US48,"9/24/2023 12 a.m. EDT",438404.85,429475.88,437605.85,2839
US48,"9/24/2023 1 a.m. EDT",416630.81,407438.52,416121.8,3298
US48,"9/24/2023 2 a.m. EDT",397829.22,390903.16,397273.21,2952
US48,"9/24/2023 3 a.m. EDT",383630.5,375392.34,382185.5,2537
US48,"9/24/2023 4 a.m. EDT",375345.69,365053.72,371306.69,604
US48,"9/24/2023 5 a.m. EDT",368313.32,358398.89,364313.32,711
US48,"9/24/2023 6 a.m. EDT",364348.38,356617.96,361188.38,1158
US48,"9/24/2023 7 a.m. EDT",365132.49,359122.83,361943.49,1043
US48,"9/24/2023 8 a.m. EDT",368942.57,365629.92,365545.57,570
US48,"9/24/2023 9 a.m. EDT",379422.92,377933.23,376299.92,712
US48,"9/24/2023 10 a.m. EDT",395686.19,394929.62,392861.19,590
US48,"9/24/2023 11 a.m. EDT",416013.68,413702.47,413409.68,646
US48,"9/24/2023 12 p.m. EDT",435664.35,432699.44,434516.35,722
US48,"9/24/2023 1 p.m. EDT",457442.89,450909.94,454501.89,877
US48,"9/24/2023 2 p.m. EDT",475902.29,467209.05,471850.29,821
US48,"9/24/2023 3 p.m. EDT",490955.44,482043.73,487713.44,936
US48,"9/24/2023 4 p.m. EDT",503188.15,494852.41,501563.15,1055
US48,"9/24/2023 5 p.m. EDT",514310.83,505951.84,512378.83,705
US48,"9/24/2023 6 p.m. EDT",521811.73,512380.04,520480.73,21
US48,"9/24/2023 7 p.m. EDT",523612.41,512118.19,521691.41,-422
US48,"9/24/2023 8 p.m. EDT",518915.18,507801.15,517059.18,-1041
US48,"9/24/2023 9 p.m. EDT",511616.91,498219.75,509792.91,-390
US48,"9/24/2023 10 p.m. EDT",494706.19,479783.1,493099.19,697
US48,"9/24/2023 11 p.m. EDT",471976.73,456213.51,469677.73,1243
US48,"9/25/2023 12 a.m. EDT",447332.54,430274.24,443888.54,1480
US48,"9/25/2023 1 a.m. EDT",423806.18,406656.81,420740.18,1823
US48,"9/25/2023 2 a.m. EDT",403263.55,392103.1,400055.55,1743
US48,"9/25/2023 3 a.m. EDT",388760.88,377391.08,385444.88,1905
US48,"9/25/2023 4 a.m. EDT",379162.18,369478.76,376655.18,1814
US48,"9/25/2023 5 a.m. EDT",375901.64,369365.34,373145.64,1583
US48,"9/25/2023 6 a.m. EDT",381200.36,379880.85,379050.36,1440
US48,"9/25/2023 7 a.m. EDT",398627.22,398589.04,396244.22,1542
US48,"9/25/2023 8 a.m. EDT",417396.21,416507.3,414709.21,385
US48,"9/25/2023 9 a.m. EDT",432247,431064.23,430221,760
US48,"9/25/2023 10 a.m. EDT",447084.36,447506.76,445952.36,1380
US48,"9/25/2023 11 a.m. EDT",464248.75,464165.29,462248.75,854
US48,"9/25/2023 12 p.m. EDT",482196.21,480803.52,479252.21,646
US48,"9/25/2023 1 p.m. EDT",501849.76,496866.66,498687.76,209
US48,"9/25/2023 2 p.m. EDT",520241.04,512462.98,516936.04,88
US48,"9/25/2023 3 p.m. EDT",536038.33,526340.97,531954.33,56
US48,"9/25/2023 4 p.m. EDT",546763.04,537663.49,543391.04,469
US48,"9/25/2023 5 p.m. EDT",554237.04,546219.99,551421.04,631
US48,"9/25/2023 6 p.m. EDT",558104.1,550427.65,556516.1,457
US48,"9/25/2023 7 p.m. EDT",554275.16,547754.53,553042.16,467
US48,"9/25/2023 8 p.m. EDT",546444.38,540405.9,545415.38,584
US48,"9/25/2023 9 p.m. EDT",534143.78,527578.16,532417.78,1384
US48,"9/25/2023 10 p.m. EDT",513607.86,506342.38,510986.86,1790
US48,"9/25/2023 11 p.m. EDT",489135.68,479016.41,486019.68,2307
US48,"9/26/2023 12 a.m. EDT",461279.55,449509.55,457812.55,2902
US48,"9/26/2023 1 a.m. EDT",434005.52,422346.5,430223.52,2516
US48,"9/26/2023 2 a.m. EDT",412863.34,400871.24,409230.34,2254
US48,"9/26/2023 3 a.m. EDT",396938.34,382663.67,393623.34,2612
US48,"9/26/2023 4 a.m. EDT",386192.66,377051.6,383237.66,2109
US48,"9/26/2023 5 a.m. EDT",382516.72,376079.61,379712.72,2004
US48,"9/26/2023 6 a.m. EDT",387508.6,385914.11,384652.6,1744
US48,"9/26/2023 7 a.m. EDT",406150.84,403522.29,402755.84,1184
US48,"9/26/2023 8 a.m. EDT",423755.25,420107.89,419825.25,158
US48,"9/26/2023 9 a.m. EDT",434422.11,433135.83,431669.11,726
US48,"9/26/2023 10 a.m. EDT",447264.69,447249.37,445634.69,929
US48,"9/26/2023 11 a.m. EDT",464248.31,462809.26,461841.31,742
US48,"9/26/2023 12 p.m. EDT",481623.34,478744.04,480195.34,624
US48,"9/26/2023 1 p.m. EDT",499577.76,494188.39,496067.76,645
US48,"9/26/2023 2 p.m. EDT",514803.9,507911.11,511752.9,770
US48,"9/26/2023 3 p.m. EDT",527274.22,520564.1,524125.22,1064
US48,"9/26/2023 4 p.m. EDT",537512.14,531603.15,535101.14,1409
US48,"9/26/2023 5 p.m. EDT",546357.11,540921.68,543439.11,1415
US48,"9/26/2023 6 p.m. EDT",550441.44,546202.68,548675.44,1310
US48,"9/26/2023 7 p.m. EDT",548832.24,544745,547599.24,997
US48,"9/26/2023 8 p.m. EDT",543177,539682.22,542569,1128
US48,"9/26/2023 9 p.m. EDT",532379.89,527423.63,531091.89,1620
US48,"9/26/2023 10 p.m. EDT",513892.95,506522.68,511775.95,1963
US48,"9/26/2023 11 p.m. EDT",487962.71,480039.11,485246.71,2299
US48,"9/27/2023 12 a.m. EDT",458602.15,450465.95,457570.15,2604
US48,"9/27/2023 1 a.m. EDT",432180.82,423336.28,429430.82,2930
US48,"9/27/2023 2 a.m. EDT",411793.09,404192.91,408548.09,2393
US48,"9/27/2023 3 a.m. EDT",395742.06,385452.94,392443.05,2715
US48,"9/27/2023 4 a.m. EDT",385299.3,378607.02,382072.29,2414
US48,"9/27/2023 5 a.m. EDT",381283.68,377570.04,378087.68,2273
US48,"9/27/2023 6 a.m. EDT",387006.14,386723.73,384351.13,2436
US48,"9/27/2023 7 a.m. EDT",404332.68,403719.69,402125.67,2118
US48,"9/27/2023 8 a.m. EDT",423196.68,419129.53,419874.67,780
US48,"9/27/2023 9 a.m. EDT",432044.19,430492.14,429752.18,1046
US48,"9/27/2023 10 a.m. EDT",441234.7,441652.05,439327.69,1510
US48,"9/27/2023 11 a.m. EDT",454071.78,453823.99,451586.77,1203
US48,"9/27/2023 12 p.m. EDT",467464.65,466024.85,465861.65,1534
US48,"9/27/2023 1 p.m. EDT",482847.55,478979.31,480218.55,2059
US48,"9/27/2023 2 p.m. EDT",496411.34,491527.95,493519.34,1901
US48,"9/27/2023 3 p.m. EDT",509863.53,503864.48,505895.53,1690
US48,"9/27/2023 4 p.m. EDT",519678.7,514761.19,516325.7,1253
US48,"9/27/2023 5 p.m. EDT",529181.19,525356.63,525627.19,1441
US48,"9/27/2023 6 p.m. EDT",535334.5,531318.7,532919.5,1232
US48,"9/27/2023 7 p.m. EDT",535274.89,532109.99,533718.89,1253
US48,"9/27/2023 8 p.m. EDT",532335.67,528355.56,530090.67,1174
US48,"9/27/2023 9 p.m. EDT",523687.41,517587.43,521481.41,1130
US48,"9/27/2023 10 p.m. EDT",505360.28,498600.61,502324.28,1415
US48,"9/27/2023 11 p.m. EDT",481375.07,473725.71,478420.06,1966
US48,"9/28/2023 12 a.m. EDT",455267.43,444989.7,452211.42,3114
US48,"9/28/2023 1 a.m. EDT",430088.19,419107.63,426694.19,3243
US48,"9/28/2023 2 a.m. EDT",409155.36,399935.14,405926.36,3187
US48,"9/28/2023 3 a.m. EDT",393861.59,381847.83,390551.58,2925
US48,"9/28/2023 4 a.m. EDT",383108.23,376618.33,380742.23,3109
US48,"9/28/2023 5 a.m. EDT",378488.39,375302.2,376352.39,2615
US48,"9/28/2023 6 a.m. EDT",384814.1,384957,381873.1,1788
US48,"9/28/2023 7 a.m. EDT",402043.06,402658.71,398804.06,1077
US48,"9/28/2023 8 a.m. EDT",420854.43,417858.52,417303.43,210
US48,"9/28/2023 9 a.m. EDT",431183.82,428909.05,428668.82,531
US48,"9/28/2023 10 a.m. EDT",441187.9,441397.24,439573.9,1015
US48,"9/28/2023 11 a.m. EDT",454908.28,454489.44,453116.27,1221
US48,"9/28/2023 12 p.m. EDT",469963.76,467171.94,468467.76,1347
US48,"9/28/2023 1 p.m. EDT",484360.67,479749.42,482357.67,1393
US48,"9/28/2023 2 p.m. EDT",497891.49,493043.12,495305.49,1472
US48,"9/28/2023 3 p.m. EDT",509662.83,505697.42,507442.83,1668
US48,"9/28/2023 4 p.m. EDT",521009.79,517342.9,519234.79,1782
US48,"9/28/2023 5 p.m. EDT",531197.05,527970.69,529874.05,1687
US48,"9/28/2023 6 p.m. EDT",534645.96,534886.66,532799.96,1018
US48,"9/28/2023 7 p.m. EDT",538230.33,535176.4,535966.33,59
US48,"9/28/2023 8 p.m. EDT",533742.45,531419.43,532037.45,770
US48,"9/28/2023 9 p.m. EDT",525747.11,520665.5,523851.11,1187
US48,"9/28/2023 10 p.m. EDT",508437.53,502037.03,506325.53,1962
US48,"9/28/2023 11 p.m. EDT",484576.59,476867.77,482560.59,2612
US48,"9/29/2023 12 a.m. EDT",458987.06,449113.35,456571.06,2983
US48,"9/29/2023 1 a.m. EDT",433570.41,422888.33,430827.41,2712
US48,"9/29/2023 2 a.m. EDT",412095.52,401784.41,409639.52,3038
US48,"9/29/2023 3 a.m. EDT",396674.48,384126.17,394743.48,3141
US48,"9/29/2023 4 a.m. EDT",385836.58,378027.07,384442.58,3177
US48,"9/29/2023 5 a.m. EDT",381206.71,376936.78,379946.71,3262
US48,"9/29/2023 6 a.m. EDT",385689.55,385343.84,384207.55,2491
US48,"9/29/2023 7 a.m. EDT",402377.79,401677.22,399966.79,1636
US48,"9/29/2023 8 a.m. EDT",420997.9,417890.08,418342.9,628
US48,"9/29/2023 9 a.m. EDT",432702.42,431567.32,431053.42,741
US48,"9/29/2023 10 a.m. EDT",447008.13,447207.01,445912.13,964
US48,"9/29/2023 11 a.m. EDT",464278.77,463203.07,462272.77,594
US48,"9/29/2023 12 p.m. EDT",481337.62,478521.62,479371.62,428
US48,"9/29/2023 1 p.m. EDT",498178.99,493419.91,495105.99,160
US48,"9/29/2023 2 p.m. EDT",514531.21,508211.05,511268.21,128
US48,"9/29/2023 3 p.m. EDT",527730.91,521771.37,524581.91,230
US48,"9/29/2023 4 p.m. EDT",538122.8,533391.17,535205.8,27
US48,"9/29/2023 5 p.m. EDT",546603.1,542223.49,543652.1,-353
US48,"9/29/2023 6 p.m. EDT",551248.75,545258.97,548647.75,-208
US48,"9/29/2023 7 p.m. EDT",545329.81,541688.15,542872.81,-235
US48,"9/29/2023 8 p.m. EDT",533268.87,531500.85,531451.87,-173
US48,"9/29/2023 9 p.m. EDT",518525.02,516375.78,516442.02,814
US48,"9/29/2023 10 p.m. EDT",498804.02,496924.56,496945.02,1274
US48,"9/29/2023 11 p.m. EDT",476805.96,473127.47,475293.96,1838
US48,"9/30/2023 12 a.m. EDT",454235.47,447170.92,452418.47,2738
US48,"9/30/2023 1 a.m. EDT",430013.3,421962.14,428968.3,3414
US48,"9/30/2023 2 a.m. EDT",409873.65,401335.64,409048.65,3627
US48,"9/30/2023 3 a.m. EDT",393020.6,381710.15,391917.6,3425
US48,"9/30/2023 4 a.m. EDT",380949.8,374316.79,380631.8,3317
US48,"9/30/2023 5 a.m. EDT",374706.56,368844.74,373774.57,3237
US48,"9/30/2023 6 a.m. EDT",372470.94,368232.92,371530.94,2760
US48,"9/30/2023 7 a.m. EDT",375999.71,372731.23,374425.71,2443
US48,"9/30/2023 8 a.m. EDT",382722.65,381280.4,381509.65,2197
US48,"9/30/2023 9 a.m. EDT",393058.03,393795.23,391927.03,1851
US48,"9/30/2023 10 a.m. EDT",411100.17,411420.09,409589.17,1488
US48,"9/30/2023 11 a.m. EDT",431772.88,430550.85,429478.88,754
US48,"9/30/2023 12 p.m. EDT",453105.84,449506.3,451584.84,572
US48,"9/30/2023 1 p.m. EDT",473615.51,467910.78,471658.51,742
US48,"9/30/2023 2 p.m. EDT",492456.11,484746.64,489339.11,299
US48,"9/30/2023 3 p.m. EDT",506819.56,498919.1,504276.56,963
US48,"9/30/2023 4 p.m. EDT",518470.06,510267.84,517073.06,908
US48,"9/30/2023 5 p.m. EDT",528176.87,519345.28,526772.87,1162
US48,"9/30/2023 6 p.m. EDT",532200.12,523080.09,531228.12,1037
US48,"9/30/2023 7 p.m. EDT",527413.69,519863.07,525141.69,790
US48,"9/30/2023 8 p.m. EDT",514874.87,510473.73,513937.87,1110
US48,"9/30/2023 9 p.m. EDT",499792.07,495661.49,498682.07,1811
US48,"9/30/2023 10 p.m. EDT",480513.99,478005.26,480050.99,2113
US48,"9/30/2023 11 p.m. EDT",461245.16,456194.23,461280.16,3116
US48,"10/1/2023 12 a.m. EDT",440380.28,432355.25,439509.28,3471
